evidence_id	source_id	start_seconds	end_seconds	topic_tags	evidence_level	review_status	promotion_target
corpus-001-lh_bili_season_bv1ed4y1s7vj-seg-001	LH_BILI_SEASON_BV1ED4Y1S7VJ	0		high_clear	content_model_candidate	pending_human_review	none_until_reviewed
corpus-002-lh_bili_season_bv1qg4y127v9-seg-001	LH_BILI_SEASON_BV1QG4Y127V9	0		high_clear,internal_rotation,power_framework	content_model_candidate	pending_human_review	none_until_reviewed
corpus-003-lh_bili_season_bv1id4y1h7yf-seg-001	LH_BILI_SEASON_BV1ID4Y1H7YF	0		high_clear	content_model_candidate	pending_human_review	none_until_reviewed
corpus-004-lh_bili_season_bv15k411y7cx-seg-001	LH_BILI_SEASON_BV15K411Y7CX	0		smash,student_fit	content_model_candidate	pending_human_review	none_until_reviewed
corpus-005-lh_bili_season_bv19d4y1l7uc-seg-001	LH_BILI_SEASON_BV19D4Y1L7UC	0		smash	content_model_candidate	pending_human_review	none_until_reviewed
corpus-006-lh_bili_season_bv1ms4y1t7vr-seg-001	LH_BILI_SEASON_BV1MS4Y1T7VR	0		smash,high_clear,power_framework	content_model_candidate	pending_human_review	none_until_reviewed
corpus-007-lh_bili_season_bv1cy411d7gl-seg-001	LH_BILI_SEASON_BV1CY411D7GL	0		smash	content_model_candidate	pending_human_review	none_until_reviewed
corpus-008-lh_bili_season_bv1sv4y167ct-seg-001	LH_BILI_SEASON_BV1SV4Y167CT	0		smash,high_clear,power_framework	content_model_candidate	pending_human_review	none_until_reviewed
corpus-009-lh_bili_season_bv1vx4y1j7ma-seg-001	LH_BILI_SEASON_BV1VX4Y1J7MA	0		high_clear,internal_rotation,power_framework	content_model_candidate	pending_human_review	none_until_reviewed
corpus-010-lh_bili_season_bv15d4y1p7ex-seg-001	LH_BILI_SEASON_BV15D4Y1P7EX	0		high_clear,power_framework	content_model_candidate	pending_human_review	none_until_reviewed
corpus-011-lh_bili_season_bv1tm411h7lp-seg-001	LH_BILI_SEASON_BV1TM411H7LP	0		high_clear	content_model_candidate	pending_human_review	none_until_reviewed
corpus-012-lh_bili_season_bv1z54y1a74y-seg-001	LH_BILI_SEASON_BV1Z54Y1A74Y	0		smash	content_model_candidate	pending_human_review	none_until_reviewed
corpus-013-lh_bili_season_bv1te4y1c7qn-seg-001	LH_BILI_SEASON_BV1TE4Y1C7QN	0		high_clear,top_elbow,power_framework	content_model_candidate	pending_human_review	none_until_reviewed
corpus-014-lh_bili_season_bv1884y1h7mi-seg-001	LH_BILI_SEASON_BV1884Y1H7MI	0		high_clear,top_elbow,power_framework	content_model_candidate	pending_human_review	none_until_reviewed
corpus-015-lh_bili_season_bv1f54y1w7nr-seg-001	LH_BILI_SEASON_BV1F54Y1W7NR	0		high_clear,power_framework	content_model_candidate	pending_human_review	none_until_reviewed
corpus-016-lh_bili_season_bv1go4y1v7ns-seg-001	LH_BILI_SEASON_BV1GO4Y1V7NS	0		smash,high_clear,top_elbow,power_framework	content_model_candidate	pending_human_review	none_until_reviewed
corpus-017-lh_bili_season_bv1ms4y157m3-seg-001	LH_BILI_SEASON_BV1MS4Y157M3	0		high_clear,internal_rotation,power_framework	content_model_candidate	pending_human_review	none_until_reviewed
corpus-018-lh_bili_season_bv1n54y1u7m6-seg-001	LH_BILI_SEASON_BV1N54Y1U7M6	0		high_clear,internal_rotation,power_framework	content_model_candidate	pending_human_review	none_until_reviewed
corpus-019-lh_bili_season_bv1h8411c7p2-seg-001	LH_BILI_SEASON_BV1H8411C7P2	0		smash,high_clear,top_elbow,power_framework	content_model_candidate	pending_human_review	none_until_reviewed
corpus-020-lh_bili_season_bv1x24y1372d-seg-001	LH_BILI_SEASON_BV1X24Y1372D	0		high_clear,rear_footwork,power_framework	content_model_candidate	pending_human_review	none_until_reviewed
corpus-021-lh_bili_season_bv1ss4y1v7tb-seg-001	LH_BILI_SEASON_BV1SS4Y1V7TB	0		smash	content_model_candidate	pending_human_review	none_until_reviewed
corpus-022-lh_bili_season_bv1et411r76m-seg-001	LH_BILI_SEASON_BV1ET411R76M	0		smash	content_model_candidate	pending_human_review	none_until_reviewed
corpus-023-lh_bili_season_bv1a54y1t7pe-seg-001	LH_BILI_SEASON_BV1A54Y1T7PE	0		high_clear	content_model_candidate	pending_human_review	none_until_reviewed
corpus-024-lh_bili_season_bv17l411k79k-seg-001	LH_BILI_SEASON_BV17L411K79K	0		smash	content_model_candidate	pending_human_review	none_until_reviewed
corpus-025-lh_bili_season_bv1e24y1e75q-seg-001	LH_BILI_SEASON_BV1E24Y1E75Q	0		high_clear,internal_rotation,power_framework	content_model_candidate	pending_human_review	none_until_reviewed
corpus-026-lh_bili_season_bv1tt411r7ft-seg-001	LH_BILI_SEASON_BV1TT411R7FT	0		high_clear,power_framework	content_model_candidate	pending_human_review	none_until_reviewed
corpus-027-lh_bili_season_bv1tm4y1b7z8-seg-001	LH_BILI_SEASON_BV1TM4Y1B7Z8	0		high_clear,power_framework	content_model_candidate	pending_human_review	none_until_reviewed
corpus-028-lh_bili_season_bv1tt411r7uu-seg-001	LH_BILI_SEASON_BV1TT411R7UU	0		smash	content_model_candidate	pending_human_review	none_until_reviewed
corpus-029-lh_bili_season_bv1zx4y1d7ae-seg-001	LH_BILI_SEASON_BV1ZX4Y1D7AE	0		high_clear,rear_footwork,internal_rotation,power_framework	content_model_candidate	pending_human_review	none_until_reviewed
corpus-030-lh_bili_season_bv1jk4y147ec-seg-001	LH_BILI_SEASON_BV1JK4Y147EC	0		smash	content_model_candidate	pending_human_review	none_until_reviewed
corpus-031-lh_bili_season_bv1sk4y1x71w-seg-001	LH_BILI_SEASON_BV1SK4Y1X71W	0		smash	content_model_candidate	pending_human_review	none_until_reviewed
corpus-032-lh_bili_season_bv1vx4y1a71t-seg-001	LH_BILI_SEASON_BV1VX4Y1A71T	0		smash,high_clear,power_framework	content_model_candidate	pending_human_review	none_until_reviewed
corpus-033-lh_bili_season_bv1kk4y147fq-seg-001	LH_BILI_SEASON_BV1KK4Y147FQ	0		smash	content_model_candidate	pending_human_review	none_until_reviewed
corpus-034-lh_bili_season_bv1sc411l7ur-seg-001	LH_BILI_SEASON_BV1SC411L7UR	0		smash	content_model_candidate	pending_human_review	none_until_reviewed
corpus-035-lh_bili_season_bv1ml411q7qa-seg-001	LH_BILI_SEASON_BV1ML411Q7QA	0		high_clear,power_framework	content_model_candidate	pending_human_review	none_until_reviewed
corpus-036-lh_bili_season_bv1un411t72o-seg-001	LH_BILI_SEASON_BV1UN411T72O	0		high_clear,power_framework	content_model_candidate	pending_human_review	none_until_reviewed
corpus-037-lh_bili_season_bv1mm411m77u-seg-001	LH_BILI_SEASON_BV1MM411M77U	0		high_clear	content_model_candidate	pending_human_review	none_until_reviewed
corpus-038-lh_bili_season_bv19n411a7py-seg-001	LH_BILI_SEASON_BV19N411A7PY	0		high_clear,top_elbow	content_model_candidate	pending_human_review	none_until_reviewed
corpus-039-lh_bili_season_bv1yv4y1n7gx-seg-001	LH_BILI_SEASON_BV1YV4Y1N7GX	0		smash,match_transfer	content_model_candidate	pending_human_review	none_until_reviewed
corpus-040-lh_bili_season_bv1xm4y1b73w-seg-001	LH_BILI_SEASON_BV1XM4Y1B73W	0		high_clear,power_framework	content_model_candidate	pending_human_review	none_until_reviewed
corpus-041-lh_bili_season_bv1o24y1f7hs-seg-001	LH_BILI_SEASON_BV1O24Y1F7HS	0		high_clear,top_elbow,power_framework	content_model_candidate	pending_human_review	none_until_reviewed
corpus-042-lh_bili_season_bv1fa4y1n7p7-seg-001	LH_BILI_SEASON_BV1FA4Y1N7P7	0		high_clear,power_framework	content_model_candidate	pending_human_review	none_until_reviewed
corpus-043-lh_bili_season_bv1ro4y157ag-seg-001	LH_BILI_SEASON_BV1RO4Y157AG	0		high_clear,internal_rotation,power_framework	content_model_candidate	pending_human_review	none_until_reviewed
corpus-044-lh_bili_season_bv1cv4y1o7h3-seg-001	LH_BILI_SEASON_BV1CV4Y1O7H3	0		power_framework	content_model_candidate	pending_human_review	none_until_reviewed
corpus-045-lh_bili_season_bv1qm4y127ms-seg-001	LH_BILI_SEASON_BV1QM4Y127MS	0		smash	content_model_candidate	pending_human_review	none_until_reviewed
corpus-046-lh_bili_season_bv1im4y1y7a7-seg-001	LH_BILI_SEASON_BV1IM4Y1Y7A7	0		bilibili_season_metadata	content_model_candidate	pending_human_review	none_until_reviewed
corpus-047-lh_bili_season_bv1lv4y1e7oa-seg-001	LH_BILI_SEASON_BV1LV4Y1E7OA	0		bilibili_season_metadata	content_model_candidate	pending_human_review	none_until_reviewed
corpus-048-lh_bili_season_bv1ss4y1w7pg-seg-001	LH_BILI_SEASON_BV1SS4Y1W7PG	0		rear_footwork	content_model_candidate	pending_human_review	none_until_reviewed
corpus-049-lh_bili_season_bv1th411e7lg-seg-001	LH_BILI_SEASON_BV1TH411E7LG	0		power_framework	content_model_candidate	pending_human_review	none_until_reviewed
corpus-050-lh_bili_season_bv1ug4y1m7b9-seg-001	LH_BILI_SEASON_BV1UG4Y1M7B9	0		smash,rear_footwork	content_model_candidate	pending_human_review	none_until_reviewed
corpus-051-lh_bili_season_bv1ws4y1a7nd-seg-001	LH_BILI_SEASON_BV1WS4Y1A7ND	0		smash	content_model_candidate	pending_human_review	none_until_reviewed
corpus-052-lh_bili_season_bv11c411n7cw-seg-001	LH_BILI_SEASON_BV11C411N7CW	0		smash,power_framework	content_model_candidate	pending_human_review	none_until_reviewed
corpus-053-lh_bili_season_bv15x4y1m7or-seg-001	LH_BILI_SEASON_BV15X4Y1M7OR	0		high_clear,power_framework	content_model_candidate	pending_human_review	none_until_reviewed
corpus-054-lh_bili_season_bv1av4y1f7gn-seg-001	LH_BILI_SEASON_BV1AV4Y1F7GN	0		smash	content_model_candidate	pending_human_review	none_until_reviewed
corpus-055-lh_bili_season_bv1dp411s7zw-seg-001	LH_BILI_SEASON_BV1DP411S7ZW	0		bilibili_season_metadata	content_model_candidate	pending_human_review	none_until_reviewed
corpus-056-lh_bili_season_bv1qm4y127vu-seg-001	LH_BILI_SEASON_BV1QM4Y127VU	0		bilibili_season_metadata	content_model_candidate	pending_human_review	none_until_reviewed
corpus-057-lh_bili_season_bv1tl411v7i1-seg-001	LH_BILI_SEASON_BV1TL411V7I1	0		bilibili_season_metadata	content_model_candidate	pending_human_review	none_until_reviewed
corpus-058-lh_bili_season_bv16p411s7rq-seg-001	LH_BILI_SEASON_BV16P411S7RQ	0		bilibili_season_metadata	content_model_candidate	pending_human_review	none_until_reviewed
corpus-059-lh_bili_season_bv1bm4y1274p-seg-001	LH_BILI_SEASON_BV1BM4Y1274P	0		smash	content_model_candidate	pending_human_review	none_until_reviewed
corpus-060-lh_bili_season_bv1uh4y1h7kj-seg-001	LH_BILI_SEASON_BV1UH4Y1H7KJ	0		rear_footwork	content_model_candidate	pending_human_review	none_until_reviewed
corpus-061-lh_bili_season_bv1wa4y1p7ig-seg-001	LH_BILI_SEASON_BV1WA4Y1P7IG	0		high_clear,power_framework	content_model_candidate	pending_human_review	none_until_reviewed
corpus-062-lh_bili_season_bv1uk4y1n7bg-seg-001	LH_BILI_SEASON_BV1UK4Y1N7BG	0		student_fit	content_model_candidate	pending_human_review	none_until_reviewed
corpus-063-lh_bili_season_bv1um4y1c7t7-seg-001	LH_BILI_SEASON_BV1UM4Y1C7T7	0		high_clear,internal_rotation,power_framework	content_model_candidate	pending_human_review	none_until_reviewed
corpus-064-lh_bili_fav_bv1wm4y1h7gy-seg-001	LH_BILI_FAV_BV1WM4Y1H7GY	0		smash	content_model_candidate	pending_human_review	none_until_reviewed
corpus-065-lh_bili_season_bv15p411m7gg-seg-001	LH_BILI_SEASON_BV15P411M7GG	0		high_clear,internal_rotation,power_framework	content_model_candidate	pending_human_review	none_until_reviewed
corpus-066-lh_bili_season_bv1tv4y1k73x-seg-001	LH_BILI_SEASON_BV1TV4Y1K73X	0		smash	content_model_candidate	pending_human_review	none_until_reviewed
corpus-067-lh_bili_season_bv1ym411g74x-seg-001	LH_BILI_SEASON_BV1YM411G74X	0		high_clear	content_model_candidate	pending_human_review	none_until_reviewed
corpus-068-lh_bili_season_bv1am4y1b7zv-seg-001	LH_BILI_SEASON_BV1AM4Y1B7ZV	0		high_clear,power_framework	content_model_candidate	pending_human_review	none_until_reviewed
corpus-069-lh_bili_season_bv1uo4y1x71b-seg-001	LH_BILI_SEASON_BV1UO4Y1X71B	0		smash	content_model_candidate	pending_human_review	none_until_reviewed
corpus-070-lh_bili_season_bv17k4y1j7fq-seg-001	LH_BILI_SEASON_BV17K4Y1J7FQ	0		smash	content_model_candidate	pending_human_review	none_until_reviewed
corpus-071-lh_bili_season_bv19v4y1k7vy-seg-001	LH_BILI_SEASON_BV19V4Y1K7VY	0		high_clear,internal_rotation,power_framework	content_model_candidate	pending_human_review	none_until_reviewed
corpus-072-lh_bili_season_bv1jg4y157nr-seg-001	LH_BILI_SEASON_BV1JG4Y157NR	0		high_clear	content_model_candidate	pending_human_review	none_until_reviewed
corpus-073-lh_bili_season_bv1mk4y1l763-seg-001	LH_BILI_SEASON_BV1MK4Y1L763	0		smash,high_clear,power_framework	content_model_candidate	pending_human_review	none_until_reviewed
corpus-074-lh_bili_season_bv1eg4y1f7l9-seg-001	LH_BILI_SEASON_BV1EG4Y1F7L9	0		high_clear,internal_rotation,power_framework	content_model_candidate	pending_human_review	none_until_reviewed
corpus-075-lh_bili_season_bv1i8411z7ku-seg-001	LH_BILI_SEASON_BV1I8411Z7KU	0		high_clear,internal_rotation,power_framework	content_model_candidate	pending_human_review	none_until_reviewed
corpus-076-lh_bili_season_bv19w4y1q7x4-seg-001	LH_BILI_SEASON_BV19W4Y1Q7X4	0		high_clear,power_framework	content_model_candidate	pending_human_review	none_until_reviewed
corpus-077-lh_bili_season_bv1eo4y1p76b-seg-001	LH_BILI_SEASON_BV1EO4Y1P76B	0		high_clear,power_framework	content_model_candidate	pending_human_review	none_until_reviewed
corpus-078-lh_bili_season_bv1ug4y1k7qy-seg-001	LH_BILI_SEASON_BV1UG4Y1K7QY	0		high_clear,power_framework	content_model_candidate	pending_human_review	none_until_reviewed
corpus-079-lh_bili_season_bv11h4y137lf-seg-001	LH_BILI_SEASON_BV11H4Y137LF	0		high_clear,internal_rotation,power_framework	content_model_candidate	pending_human_review	none_until_reviewed
corpus-080-lh_bili_season_bv1vm4y1y7as-seg-001	LH_BILI_SEASON_BV1VM4Y1Y7AS	0		smash,high_clear,power_framework	content_model_candidate	pending_human_review	none_until_reviewed
corpus-081-lh_bili_season_bv1lf411o7jh-seg-001	LH_BILI_SEASON_BV1LF411O7JH	0		high_clear,internal_rotation,power_framework	content_model_candidate	pending_human_review	none_until_reviewed
corpus-082-lh_bili_season_bv1ju411b7kh-seg-001	LH_BILI_SEASON_BV1JU411B7KH	0		equipment	content_model_candidate	pending_human_review	none_until_reviewed
corpus-083-lh_bili_season_bv1mf41197yh-seg-001	LH_BILI_SEASON_BV1MF41197YH	0		high_clear,power_framework	content_model_candidate	pending_human_review	none_until_reviewed
corpus-084-lh_bili_season_bv17v4y1a7cu-seg-001	LH_BILI_SEASON_BV17V4Y1A7CU	0		high_clear,student_fit	content_model_candidate	pending_human_review	none_until_reviewed
corpus-085-lh_bili_season_bv1jp411y7j8-seg-001	LH_BILI_SEASON_BV1JP411Y7J8	0		high_clear,power_framework	content_model_candidate	pending_human_review	none_until_reviewed
corpus-086-lh_bili_season_bv1vp411y7fr-seg-001	LH_BILI_SEASON_BV1VP411Y7FR	0		smash,student_fit	content_model_candidate	pending_human_review	none_until_reviewed
corpus-087-lh_bili_season_bv1p94y1i7gm-seg-001	LH_BILI_SEASON_BV1P94Y1I7GM	0		high_clear	content_model_candidate	pending_human_review	none_until_reviewed
corpus-088-lh_bili_season_bv19h4y1j7g5-seg-001	LH_BILI_SEASON_BV19H4Y1J7G5	0		smash	content_model_candidate	pending_human_review	none_until_reviewed
corpus-089-lh_bili_season_bv1tv411n7n6-seg-001	LH_BILI_SEASON_BV1TV411N7N6	0		high_clear,internal_rotation,power_framework	content_model_candidate	pending_human_review	none_until_reviewed
corpus-090-lh_bili_season_bv1zh4y1f7q1-seg-001	LH_BILI_SEASON_BV1ZH4Y1F7Q1	0		high_clear,power_framework	content_model_candidate	pending_human_review	none_until_reviewed
corpus-091-lh_bili_season_bv1c14y1r73r-seg-001	LH_BILI_SEASON_BV1C14Y1R73R	0		smash,match_transfer	content_model_candidate	pending_human_review	none_until_reviewed
corpus-092-lh_bili_season_bv1au411v7j2-seg-001	LH_BILI_SEASON_BV1AU411V7J2	0		smash	content_model_candidate	pending_human_review	none_until_reviewed
corpus-093-lh_bili_season_bv1rx4y197aq-seg-001	LH_BILI_SEASON_BV1RX4Y197AQ	0		smash,high_clear,power_framework	content_model_candidate	pending_human_review	none_until_reviewed
corpus-094-lh_bili_season_bv1h8411276f-seg-001	LH_BILI_SEASON_BV1H8411276F	0		high_clear,internal_rotation,power_framework	content_model_candidate	pending_human_review	none_until_reviewed
corpus-095-lh_bili_season_bv1eu4y117lb-seg-001	LH_BILI_SEASON_BV1EU4Y117LB	0		high_clear,power_framework	content_model_candidate	pending_human_review	none_until_reviewed
corpus-096-lh_bili_season_bv1nn411a7va-seg-001	LH_BILI_SEASON_BV1NN411A7VA	0		high_clear,top_elbow,power_framework	content_model_candidate	pending_human_review	none_until_reviewed
corpus-097-lh_bili_season_bv1wx4y197qk-seg-001	LH_BILI_SEASON_BV1WX4Y197QK	0		high_clear,power_framework	content_model_candidate	pending_human_review	none_until_reviewed
corpus-098-lh_bili_season_bv1xh4y1c7wb-seg-001	LH_BILI_SEASON_BV1XH4Y1C7WB	0		high_clear,match_transfer	content_model_candidate	pending_human_review	none_until_reviewed
corpus-099-lh_bili_season_bv1xh4y1r7gc-seg-001	LH_BILI_SEASON_BV1XH4Y1R7GC	0		high_clear,top_elbow,power_framework	content_model_candidate	pending_human_review	none_until_reviewed
corpus-100-lh_bili_season_bv1a8411r7vg-seg-001	LH_BILI_SEASON_BV1A8411R7VG	0		smash	content_model_candidate	pending_human_review	none_until_reviewed
corpus-101-lh_bili_season_bv1if411k7r2-seg-001	LH_BILI_SEASON_BV1IF411K7R2	0		high_clear,power_framework	content_model_candidate	pending_human_review	none_until_reviewed
corpus-102-lh_bili_season_bv1gj411k7oq-seg-001	LH_BILI_SEASON_BV1GJ411K7OQ	0		high_clear,top_elbow,power_framework	content_model_candidate	pending_human_review	none_until_reviewed
corpus-103-lh_bili_season_bv1dh4y1h7vw-seg-001	LH_BILI_SEASON_BV1DH4Y1H7VW	0		smash,high_clear,power_framework	content_model_candidate	pending_human_review	none_until_reviewed
corpus-104-lh_bili_season_bv1784y1s7pf-seg-001	LH_BILI_SEASON_BV1784Y1S7PF	0		smash,high_clear,power_framework	content_model_candidate	pending_human_review	none_until_reviewed
corpus-105-lh_bili_season_bv1mw41117f1-seg-001	LH_BILI_SEASON_BV1MW41117F1	0		smash,high_clear,power_framework	content_model_candidate	pending_human_review	none_until_reviewed
corpus-106-lh_bili_season_bv14m4y1376b-seg-001	LH_BILI_SEASON_BV14M4Y1376B	0		smash,high_clear,power_framework	content_model_candidate	pending_human_review	none_until_reviewed
corpus-107-lh_bili_season_bv1p34y1v7qa-seg-001	LH_BILI_SEASON_BV1P34Y1V7QA	0		smash,high_clear,power_framework	content_model_candidate	pending_human_review	none_until_reviewed
corpus-108-lh_bili_season_bv1qc4y1r7jp-seg-001	LH_BILI_SEASON_BV1QC4Y1R7JP	0		high_clear,rear_footwork,power_framework	content_model_candidate	pending_human_review	none_until_reviewed
corpus-109-lh_bili_season_bv1qb4y1z73x-seg-001	LH_BILI_SEASON_BV1QB4Y1Z73X	0		smash,high_clear,power_framework	content_model_candidate	pending_human_review	none_until_reviewed
corpus-110-lh_bili_season_bv1k34y1g7fv-seg-001	LH_BILI_SEASON_BV1K34Y1G7FV	0		high_clear,power_framework	content_model_candidate	pending_human_review	none_until_reviewed
corpus-111-lh_bili_season_bv1fb4y1z7cd-seg-001	LH_BILI_SEASON_BV1FB4Y1Z7CD	0		high_clear,power_framework,match_transfer	content_model_candidate	pending_human_review	none_until_reviewed
corpus-112-lh_bili_season_bv1in411x78r-seg-001	LH_BILI_SEASON_BV1IN411X78R	0		high_clear,power_framework	content_model_candidate	pending_human_review	none_until_reviewed
corpus-113-lh_bili_season_bv1uq4y1h7gg-seg-001	LH_BILI_SEASON_BV1UQ4Y1H7GG	0		high_clear,power_framework,student_fit	content_model_candidate	pending_human_review	none_until_reviewed
corpus-114-lh_bili_season_bv1ag411x7fr-seg-001	LH_BILI_SEASON_BV1AG411X7FR	0		smash,high_clear,power_framework	content_model_candidate	pending_human_review	none_until_reviewed
corpus-115-lh_bili_season_bv15e411q713-seg-001	LH_BILI_SEASON_BV15E411Q713	0		high_clear,top_elbow,power_framework	content_model_candidate	pending_human_review	none_until_reviewed
corpus-116-lh_bili_season_bv1hz4y1a7xq-seg-001	LH_BILI_SEASON_BV1HZ4Y1A7XQ	0		high_clear,power_framework	content_model_candidate	pending_human_review	none_until_reviewed
corpus-117-lh_bili_season_bv1hq4y1x7lk-seg-001	LH_BILI_SEASON_BV1HQ4Y1X7LK	0		rear_footwork,power_framework	content_model_candidate	pending_human_review	none_until_reviewed
corpus-118-lh_bili_season_bv1gw411n772-seg-001	LH_BILI_SEASON_BV1GW411N772	0		equipment	content_model_candidate	pending_human_review	none_until_reviewed
corpus-119-lh_bili_season_bv1xj411w7yz-seg-001	LH_BILI_SEASON_BV1XJ411W7YZ	0		high_clear,power_framework	content_model_candidate	pending_human_review	none_until_reviewed
corpus-120-lh_bili_season_bv1ic411m7jf-seg-001	LH_BILI_SEASON_BV1IC411M7JF	0		high_clear,power_framework	content_model_candidate	pending_human_review	none_until_reviewed
corpus-121-lh_bili_season_bv1qe411b73p-seg-001	LH_BILI_SEASON_BV1QE411B73P	0		student_fit	content_model_candidate	pending_human_review	none_until_reviewed
corpus-122-lh_bili_season_bv1cj411n7zv-seg-001	LH_BILI_SEASON_BV1CJ411N7ZV	0		high_clear,power_framework	content_model_candidate	pending_human_review	none_until_reviewed
corpus-123-lh_bili_season_bv1zi4y1h7he-seg-001	LH_BILI_SEASON_BV1ZI4Y1H7HE	0		high_clear,power_framework	content_model_candidate	pending_human_review	none_until_reviewed
corpus-124-lh_bili_season_bv1fc4y1i7kz-seg-001	LH_BILI_SEASON_BV1FC4Y1I7KZ	0		high_clear,power_framework,match_transfer	content_model_candidate	pending_human_review	none_until_reviewed
corpus-125-lh_bili_season_bv1xe41167tb-seg-001	LH_BILI_SEASON_BV1XE41167TB	0		high_clear,internal_rotation,power_framework	content_model_candidate	pending_human_review	none_until_reviewed
corpus-126-lh_bili_season_bv1ji4y1r7zj-seg-001	LH_BILI_SEASON_BV1JI4Y1R7ZJ	0		high_clear,power_framework,student_fit	content_model_candidate	pending_human_review	none_until_reviewed
corpus-127-lh_bili_season_bv1hq4y177qa-seg-001	LH_BILI_SEASON_BV1HQ4Y177QA	0		high_clear,power_framework	content_model_candidate	pending_human_review	none_until_reviewed
corpus-128-lh_bili_season_bv1oc4y1i7bk-seg-001	LH_BILI_SEASON_BV1OC4Y1I7BK	0		high_clear,power_framework	content_model_candidate	pending_human_review	none_until_reviewed
corpus-129-lh_bili_season_bv19g4y1s75f-seg-001	LH_BILI_SEASON_BV19G4Y1S75F	0		high_clear,power_framework,student_fit	content_model_candidate	pending_human_review	none_until_reviewed
corpus-130-lh_bili_season_bv1zt4y1w7ef-seg-001	LH_BILI_SEASON_BV1ZT4Y1W7EF	0		high_clear,power_framework	content_model_candidate	pending_human_review	none_until_reviewed
corpus-131-lh_bili_season_bv1ra4y1q75z-seg-001	LH_BILI_SEASON_BV1RA4Y1Q75Z	0		high_clear,power_framework	content_model_candidate	pending_human_review	none_until_reviewed
corpus-132-lh_bili_season_bv16g411b7fc-seg-001	LH_BILI_SEASON_BV16G411B7FC	0		smash,high_clear,power_framework	content_model_candidate	pending_human_review	none_until_reviewed
corpus-133-lh_bili_season_bv1dw4y1a7fx-seg-001	LH_BILI_SEASON_BV1DW4Y1A7FX	0		smash,high_clear,power_framework	content_model_candidate	pending_human_review	none_until_reviewed
corpus-134-lh_bili_season_bv1h64y1n7iz-seg-001	LH_BILI_SEASON_BV1H64Y1N7IZ	0		smash,high_clear,power_framework	content_model_candidate	pending_human_review	none_until_reviewed
corpus-135-lh_bili_season_bv11c411s7gq-seg-001	LH_BILI_SEASON_BV11C411S7GQ	0		high_clear,top_elbow,power_framework	content_model_candidate	pending_human_review	none_until_reviewed
corpus-136-lh_bili_season_bv1tc4y1c77u-seg-001	LH_BILI_SEASON_BV1TC4Y1C77U	0		high_clear,top_elbow,power_framework	content_model_candidate	pending_human_review	none_until_reviewed
corpus-137-lh_bili_season_bv1764y1a79d-seg-001	LH_BILI_SEASON_BV1764Y1A79D	0		high_clear,power_framework	content_model_candidate	pending_human_review	none_until_reviewed
corpus-138-lh_bili_season_bv1dg4y1y74q-seg-001	LH_BILI_SEASON_BV1DG4Y1Y74Q	0		high_clear,internal_rotation,power_framework	content_model_candidate	pending_human_review	none_until_reviewed
corpus-139-lh_bili_season_bv1k6421g7yb-seg-001	LH_BILI_SEASON_BV1K6421G7YB	0		smash,high_clear,power_framework	content_model_candidate	pending_human_review	none_until_reviewed
corpus-140-lh_bili_season_bv1r2421w7dx-seg-001	LH_BILI_SEASON_BV1R2421W7DX	0		high_clear,power_framework	content_model_candidate	pending_human_review	none_until_reviewed
corpus-141-lh_bili_live_qa_20240202-seg-001	LH_BILI_LIVE_QA_20240202	0		live_teaching,qa,authorized_clip,system	content_model_candidate	pending_human_review	none_until_reviewed
corpus-142-lh_bili_season_bv1rp421d7om-seg-001	LH_BILI_SEASON_BV1RP421D7OM	0		smash,high_clear,power_framework	content_model_candidate	pending_human_review	none_until_reviewed
corpus-143-lh_bili_season_bv1jj4m1b7wm-seg-001	LH_BILI_SEASON_BV1JJ4M1B7WM	0		high_clear,rear_footwork,power_framework	content_model_candidate	pending_human_review	none_until_reviewed
corpus-144-lh_bili_season_bv1mm411d7vq-seg-001	LH_BILI_SEASON_BV1MM411D7VQ	0		high_clear,power_framework	content_model_candidate	pending_human_review	none_until_reviewed
corpus-145-lh_bili_season_bv1sj4m1x7x9-seg-001	LH_BILI_SEASON_BV1SJ4M1X7X9	0		smash,high_clear,power_framework	content_model_candidate	pending_human_review	none_until_reviewed
corpus-146-lh_bili_season_bv1g6421u77h-seg-001	LH_BILI_SEASON_BV1G6421U77H	0		high_clear,rear_footwork,power_framework	content_model_candidate	pending_human_review	none_until_reviewed
corpus-147-lh_bili_season_bv1y4421f7kv-seg-001	LH_BILI_SEASON_BV1Y4421F7KV	0		smash,high_clear,power_framework	content_model_candidate	pending_human_review	none_until_reviewed
corpus-148-lh_bili_season_bv16h4y1e7yc-seg-001	LH_BILI_SEASON_BV16H4Y1E7YC	0		high_clear,power_framework	content_model_candidate	pending_human_review	none_until_reviewed
corpus-149-lh_bili_season_bv1zz421y7yt-seg-001	LH_BILI_SEASON_BV1ZZ421Y7YT	0		smash,high_clear,power_framework	content_model_candidate	pending_human_review	none_until_reviewed
corpus-150-lh_bili_season_bv1er421w7we-seg-001	LH_BILI_SEASON_BV1ER421W7WE	0		equipment	content_model_candidate	pending_human_review	none_until_reviewed
corpus-151-lh_bili_season_bv1ai421d7ns-seg-001	LH_BILI_SEASON_BV1AI421D7NS	0		smash,high_clear,power_framework	content_model_candidate	pending_human_review	none_until_reviewed
corpus-152-lh_bili_season_bv15j421u7xq-seg-001	LH_BILI_SEASON_BV15J421U7XQ	0		high_clear,rear_footwork,power_framework	content_model_candidate	pending_human_review	none_until_reviewed
corpus-153-lh_bili_season_bv1zy421i7nu-seg-001	LH_BILI_SEASON_BV1ZY421I7NU	0		smash,high_clear,power_framework	content_model_candidate	pending_human_review	none_until_reviewed
corpus-154-lh_bili_season_bv1ud421e7uk-seg-001	LH_BILI_SEASON_BV1UD421E7UK	0		high_clear,power_framework	content_model_candidate	pending_human_review	none_until_reviewed
corpus-155-lh_bili_season_bv1pd421j7tp-seg-001	LH_BILI_SEASON_BV1PD421J7TP	0		high_clear,power_framework	content_model_candidate	pending_human_review	none_until_reviewed
corpus-156-lh_bili_season_bv1yf421f7rt-seg-001	LH_BILI_SEASON_BV1YF421F7RT	0		high_clear,power_framework	content_model_candidate	pending_human_review	none_until_reviewed
corpus-157-lh_bili_season_bv1az421f7xp-seg-001	LH_BILI_SEASON_BV1AZ421F7XP	0		high_clear,power_framework	content_model_candidate	pending_human_review	none_until_reviewed
corpus-158-lh_bili_season_bv1mm411d7ji-seg-001	LH_BILI_SEASON_BV1MM411D7JI	0		high_clear,power_framework	content_model_candidate	pending_human_review	none_until_reviewed
corpus-159-lh_bili_season_bv1yz421y7aa-seg-001	LH_BILI_SEASON_BV1YZ421Y7AA	0		high_clear,power_framework	content_model_candidate	pending_human_review	none_until_reviewed
corpus-160-lh_bili_season_bv1rx421m7rq-seg-001	LH_BILI_SEASON_BV1RX421M7RQ	0		high_clear,power_framework	content_model_candidate	pending_human_review	none_until_reviewed
corpus-161-lh_bili_season_bv14e421m7ye-seg-001	LH_BILI_SEASON_BV14E421M7YE	0		high_clear,power_framework	content_model_candidate	pending_human_review	none_until_reviewed
corpus-162-lh_bili_season_bv1rd421n7ic-seg-001	LH_BILI_SEASON_BV1RD421N7IC	0		high_clear,power_framework,student_fit	content_model_candidate	pending_human_review	none_until_reviewed
corpus-163-lh_bili_season_bv1hz421e7xr-seg-001	LH_BILI_SEASON_BV1HZ421E7XR	0		rear_footwork	content_model_candidate	pending_human_review	none_until_reviewed
corpus-164-lh_bili_season_bv1wm411m7uf-seg-001	LH_BILI_SEASON_BV1WM411M7UF	0		smash,high_clear,power_framework	content_model_candidate	pending_human_review	none_until_reviewed
corpus-165-lh_bili_season_bv1jc411j7ni-seg-001	LH_BILI_SEASON_BV1JC411J7NI	0		high_clear,power_framework	content_model_candidate	pending_human_review	none_until_reviewed
corpus-166-lh_bili_season_bv1rx4y1b7u1-seg-001	LH_BILI_SEASON_BV1RX4Y1B7U1	0		high_clear,power_framework	content_model_candidate	pending_human_review	none_until_reviewed
corpus-167-lh_bili_season_bv1up421d7ng-seg-001	LH_BILI_SEASON_BV1UP421D7NG	0		smash,high_clear,power_framework	content_model_candidate	pending_human_review	none_until_reviewed
corpus-168-lh_bili_season_bv1az421u7kk-seg-001	LH_BILI_SEASON_BV1AZ421U7KK	0		high_clear,internal_rotation,power_framework	content_model_candidate	pending_human_review	none_until_reviewed
corpus-169-lh_bili_season_bv1ub42187dy-seg-001	LH_BILI_SEASON_BV1UB42187DY	0		high_clear	content_model_candidate	pending_human_review	none_until_reviewed
corpus-170-lh_bili_season_bv1gi421y7rp-seg-001	LH_BILI_SEASON_BV1GI421Y7RP	0		smash,high_clear,power_framework	content_model_candidate	pending_human_review	none_until_reviewed
corpus-171-lh_bili_season_bv1ni421k7vr-seg-001	LH_BILI_SEASON_BV1NI421K7VR	0		smash,high_clear,power_framework	content_model_candidate	pending_human_review	none_until_reviewed
corpus-172-lh_bili_season_bv1vm421m7co-seg-001	LH_BILI_SEASON_BV1VM421M7CO	0		smash,high_clear,power_framework	content_model_candidate	pending_human_review	none_until_reviewed
corpus-173-lh_bili_season_bv1ks421w7cj-seg-001	LH_BILI_SEASON_BV1KS421W7CJ	0		equipment	content_model_candidate	pending_human_review	none_until_reviewed
corpus-174-lh_bili_season_bv1zd421g7x9-seg-001	LH_BILI_SEASON_BV1ZD421G7X9	0		high_clear,power_framework	content_model_candidate	pending_human_review	none_until_reviewed
corpus-175-lh_bili_season_bv1wi421q7ax-seg-001	LH_BILI_SEASON_BV1WI421Q7AX	0		high_clear,power_framework	content_model_candidate	pending_human_review	none_until_reviewed
corpus-176-lh_bili_season_bv1cd421v7qw-seg-001	LH_BILI_SEASON_BV1CD421V7QW	0		smash,high_clear,power_framework	content_model_candidate	pending_human_review	none_until_reviewed
corpus-177-lh_bili_season_bv1di421s7l3-seg-001	LH_BILI_SEASON_BV1DI421S7L3	0		high_clear,power_framework	content_model_candidate	pending_human_review	none_until_reviewed
corpus-178-lh_bili_season_bv1k7421f7wd-seg-001	LH_BILI_SEASON_BV1K7421F7WD	0		high_clear,internal_rotation,power_framework	content_model_candidate	pending_human_review	none_until_reviewed
corpus-179-lh_bili_season_bv1bs411k7t6-seg-001	LH_BILI_SEASON_BV1BS411K7T6	0		high_clear,top_elbow,power_framework	content_model_candidate	pending_human_review	none_until_reviewed
corpus-180-lh_bili_season_bv1wm4m167jx-seg-001	LH_BILI_SEASON_BV1WM4M167JX	0		high_clear,power_framework	content_model_candidate	pending_human_review	none_until_reviewed
corpus-181-lh_bili_season_bv1cy411b7mj-seg-001	LH_BILI_SEASON_BV1CY411B7MJ	0		high_clear,power_framework	content_model_candidate	pending_human_review	none_until_reviewed
corpus-182-lh_bili_season_bv1cw4m1e7pb-seg-001	LH_BILI_SEASON_BV1CW4M1E7PB	0		smash,high_clear,power_framework	content_model_candidate	pending_human_review	none_until_reviewed
corpus-183-lh_bili_season_bv1a6421z7le-seg-001	LH_BILI_SEASON_BV1A6421Z7LE	0		smash,high_clear,power_framework	content_model_candidate	pending_human_review	none_until_reviewed
corpus-184-lh_bili_season_bv1e4421s76x-seg-001	LH_BILI_SEASON_BV1E4421S76X	0		high_clear,power_framework	content_model_candidate	pending_human_review	none_until_reviewed
corpus-185-lh_bili_season_bv1xs421t74y-seg-001	LH_BILI_SEASON_BV1XS421T74Y	0		high_clear,top_elbow,power_framework	content_model_candidate	pending_human_review	none_until_reviewed
corpus-186-lh_bili_season_bv1z4421s776-seg-001	LH_BILI_SEASON_BV1Z4421S776	0		equipment	content_model_candidate	pending_human_review	none_until_reviewed
corpus-187-lh_bili_season_bv1qs42197dd-seg-001	LH_BILI_SEASON_BV1QS42197DD	0		high_clear,power_framework	content_model_candidate	pending_human_review	none_until_reviewed
corpus-188-lh_bili_season_bv1xr421t7z3-seg-001	LH_BILI_SEASON_BV1XR421T7Z3	0		high_clear,power_framework	content_model_candidate	pending_human_review	none_until_reviewed
corpus-189-lh_bili_season_bv1jt421k7gy-seg-001	LH_BILI_SEASON_BV1JT421K7GY	0		high_clear,power_framework	content_model_candidate	pending_human_review	none_until_reviewed
corpus-190-lh_bili_season_bv1mb421n77f-seg-001	LH_BILI_SEASON_BV1MB421N77F	0		high_clear,internal_rotation,power_framework	content_model_candidate	pending_human_review	none_until_reviewed
corpus-191-lh_bili_season_bv1mz421t7lr-seg-001	LH_BILI_SEASON_BV1MZ421T7LR	0		high_clear,rear_footwork,power_framework	content_model_candidate	pending_human_review	none_until_reviewed
corpus-192-lh_bili_season_bv13u411s7am-seg-001	LH_BILI_SEASON_BV13U411S7AM	0		smash,high_clear,power_framework	content_model_candidate	pending_human_review	none_until_reviewed
corpus-193-lh_bili_season_bv1ez421i7px-seg-001	LH_BILI_SEASON_BV1EZ421I7PX	0		high_clear,power_framework	content_model_candidate	pending_human_review	none_until_reviewed
corpus-194-lh_bili_season_bv1su411u7fd-seg-001	LH_BILI_SEASON_BV1SU411U7FD	0		high_clear,power_framework	content_model_candidate	pending_human_review	none_until_reviewed
corpus-195-lh_bili_season_bv1ms421x7sn-seg-001	LH_BILI_SEASON_BV1MS421X7SN	0		high_clear,power_framework	content_model_candidate	pending_human_review	none_until_reviewed
corpus-196-lh_bili_season_bv1bs421x7ha-seg-001	LH_BILI_SEASON_BV1BS421X7HA	0		smash,high_clear,power_framework	content_model_candidate	pending_human_review	none_until_reviewed
corpus-197-lh_bili_season_bv1kz421i7cj-seg-001	LH_BILI_SEASON_BV1KZ421I7CJ	0		smash,high_clear,power_framework	content_model_candidate	pending_human_review	none_until_reviewed
corpus-198-lh_bili_season_bv1px4y147ug-seg-001	LH_BILI_SEASON_BV1PX4Y147UG	0		smash,high_clear,power_framework	content_model_candidate	pending_human_review	none_until_reviewed
corpus-199-lh_bili_season_bv1bi421h7b5-seg-001	LH_BILI_SEASON_BV1BI421H7B5	0		smash,high_clear,power_framework	content_model_candidate	pending_human_review	none_until_reviewed
corpus-200-lh_bili_season_bv1je4m1d7x2-seg-001	LH_BILI_SEASON_BV1JE4M1D7X2	0		high_clear,top_elbow,power_framework	content_model_candidate	pending_human_review	none_until_reviewed
corpus-201-lh_bili_season_bv1px4y1s7gl-seg-001	LH_BILI_SEASON_BV1PX4Y1S7GL	0		high_clear,internal_rotation,power_framework	content_model_candidate	pending_human_review	none_until_reviewed
corpus-202-lh_bili_season_bv1wm4m1173q-seg-001	LH_BILI_SEASON_BV1WM4M1173Q	0		smash,high_clear,power_framework	content_model_candidate	pending_human_review	none_until_reviewed
corpus-203-lh_bili_season_bv1ow4m1r7x8-seg-001	LH_BILI_SEASON_BV1OW4M1R7X8	0		high_clear,power_framework	content_model_candidate	pending_human_review	none_until_reviewed
corpus-204-lh_bili_season_bv1cs42197qo-seg-001	LH_BILI_SEASON_BV1CS42197QO	0		high_clear,power_framework	content_model_candidate	pending_human_review	none_until_reviewed
corpus-205-lh_bili_season_bv11w4m167ui-seg-001	LH_BILI_SEASON_BV11W4M167UI	0		high_clear,power_framework	content_model_candidate	pending_human_review	none_until_reviewed
corpus-206-lh_bili_season_bv11y411h74p-seg-001	LH_BILI_SEASON_BV11Y411H74P	0		smash,high_clear,power_framework	content_model_candidate	pending_human_review	none_until_reviewed
corpus-207-lh_bili_season_bv1em4m1a7of-seg-001	LH_BILI_SEASON_BV1EM4M1A7OF	0		smash,high_clear,power_framework	content_model_candidate	pending_human_review	none_until_reviewed
corpus-208-lh_bili_season_bv1gkpcemexm-seg-001	LH_BILI_SEASON_BV1GKPCEMEXM	0		high_clear,power_framework	content_model_candidate	pending_human_review	none_until_reviewed
corpus-209-lh_bili_season_bv1wg4jedetk-seg-001	LH_BILI_SEASON_BV1WG4JEDETK	0		high_clear,internal_rotation,power_framework	content_model_candidate	pending_human_review	none_until_reviewed
corpus-210-lh_bili_season_bv1uqtge5enw-seg-001	LH_BILI_SEASON_BV1UQTGE5ENW	0		smash,high_clear,power_framework	content_model_candidate	pending_human_review	none_until_reviewed
corpus-211-lh_bili_season_bv1vxtfesenw-seg-001	LH_BILI_SEASON_BV1VXTFESENW	0		smash,high_clear,power_framework	content_model_candidate	pending_human_review	none_until_reviewed
corpus-212-lh_bili_season_bv1ecsbeaemr-seg-001	LH_BILI_SEASON_BV1ECSBEAEMR	0		high_clear,power_framework	content_model_candidate	pending_human_review	none_until_reviewed
corpus-213-lh_bili_season_bv17t2wyxef3-seg-001	LH_BILI_SEASON_BV17T2WYXEF3	0		high_clear,power_framework	content_model_candidate	pending_human_review	none_until_reviewed
corpus-214-lh_bili_season_bv1zx2wydesv-seg-001	LH_BILI_SEASON_BV1ZX2WYDESV	0		smash,high_clear,power_framework	content_model_candidate	pending_human_review	none_until_reviewed
corpus-215-lh_bili_season_bv1kc2uy8elq-seg-001	LH_BILI_SEASON_BV1KC2UY8ELQ	0		high_clear,internal_rotation,power_framework	content_model_candidate	pending_human_review	none_until_reviewed
corpus-216-lh_bili_season_bv19x2ryfebu-seg-001	LH_BILI_SEASON_BV19X2RYFEBU	0		high_clear,internal_rotation,power_framework	content_model_candidate	pending_human_review	none_until_reviewed
corpus-217-lh_bili_season_bv11kmpy2esb-seg-001	LH_BILI_SEASON_BV11KMPY2ESB	0		equipment	content_model_candidate	pending_human_review	none_until_reviewed
corpus-218-lh_bili_season_bv1bfmnynen5-seg-001	LH_BILI_SEASON_BV1BFMNYNEN5	0		high_clear,power_framework	content_model_candidate	pending_human_review	none_until_reviewed
corpus-219-lh_bili_season_bv1xacmybeo7-seg-001	LH_BILI_SEASON_BV1XACMYBEO7	0		high_clear,power_framework	content_model_candidate	pending_human_review	none_until_reviewed
corpus-220-lh_bili_season_bv1gtcdyze69-seg-001	LH_BILI_SEASON_BV1GTCDYZE69	0		smash,high_clear,power_framework	content_model_candidate	pending_human_review	none_until_reviewed
corpus-221-lh_bili_season_bv1xrywy8edw-seg-001	LH_BILI_SEASON_BV1XRYWY8EDW	0		high_clear,power_framework	content_model_candidate	pending_human_review	none_until_reviewed
corpus-222-lh_bili_season_bv1mh1py5eqq-seg-001	LH_BILI_SEASON_BV1MH1PY5EQQ	0		high_clear,power_framework	content_model_candidate	pending_human_review	none_until_reviewed
corpus-223-lh_bili_fav_bv1ys1ayke54-seg-001	LH_BILI_FAV_BV1YS1AYKE54	0		smash,student_fit	content_model_candidate	pending_human_review	none_until_reviewed
corpus-224-lh_bili_season_bv1wksty7e8w-seg-001	LH_BILI_SEASON_BV1WKSTY7E8W	0		high_clear,internal_rotation,power_framework	content_model_candidate	pending_human_review	none_until_reviewed
corpus-225-lh_bili_season_bv1vpdnyjepu-seg-001	LH_BILI_SEASON_BV1VPDNYJEPU	0		high_clear,power_framework	content_model_candidate	pending_human_review	none_until_reviewed
corpus-226-lh_bili_season_bv1cjdqyuegc-seg-001	LH_BILI_SEASON_BV1CJDQYUEGC	0		high_clear,power_framework,match_transfer	content_model_candidate	pending_human_review	none_until_reviewed
corpus-227-lh_bili_season_bv1cadqygeis-seg-001	LH_BILI_SEASON_BV1CADQYGEIS	0		high_clear,power_framework,match_transfer	content_model_candidate	pending_human_review	none_until_reviewed
corpus-228-lh_bili_season_bv1eadqypejo-seg-001	LH_BILI_SEASON_BV1EADQYPEJO	0		smash,high_clear,power_framework	content_model_candidate	pending_human_review	none_until_reviewed
corpus-229-lh_bili_season_bv15cm2y1eui-seg-001	LH_BILI_SEASON_BV15CM2Y1EUI	0		high_clear,power_framework,match_transfer	content_model_candidate	pending_human_review	none_until_reviewed
corpus-230-lh_bili_season_bv1ezu3ydeys-seg-001	LH_BILI_SEASON_BV1EZU3YDEYS	0		high_clear,power_framework	content_model_candidate	pending_human_review	none_until_reviewed
corpus-231-lh_bili_season_bv1cxsny2ekp-seg-001	LH_BILI_SEASON_BV1CXSNY2EKP	0		smash,high_clear,power_framework	content_model_candidate	pending_human_review	none_until_reviewed
corpus-232-lh_bili_season_bv1kxbeyiebj-seg-001	LH_BILI_SEASON_BV1KXBEYIEBJ	0		high_clear,power_framework	content_model_candidate	pending_human_review	none_until_reviewed
corpus-233-lh_bili_season_bv1lnzzy3edv-seg-001	LH_BILI_SEASON_BV1LNZZY3EDV	0		smash,high_clear,power_framework	content_model_candidate	pending_human_review	none_until_reviewed
corpus-234-lh_bili_season_bv1wezoyvebn-seg-001	LH_BILI_SEASON_BV1WEZOYVEBN	0		smash,high_clear,power_framework	content_model_candidate	pending_human_review	none_until_reviewed
corpus-235-lh_bili_season_bv1tki1ybeul-seg-001	LH_BILI_SEASON_BV1TKI1YBEUL	0		smash,high_clear,power_framework	content_model_candidate	pending_human_review	none_until_reviewed
corpus-236-lh_bili_season_bv18kqwymex7-seg-001	LH_BILI_SEASON_BV18KQWYMEX7	0		smash,high_clear,power_framework	content_model_candidate	pending_human_review	none_until_reviewed
corpus-237-lh_bili_season_bv19wqpyyey9-seg-001	LH_BILI_SEASON_BV19WQPYYEY9	0		high_clear,power_framework	content_model_candidate	pending_human_review	none_until_reviewed
corpus-238-lh_bili_fav_bv1srqdyzea3-seg-001	LH_BILI_FAV_BV1SRQDYZEA3	0		power_framework	content_model_candidate	pending_human_review	none_until_reviewed
corpus-239-lh_bili_season_bv158qhy5ela-seg-001	LH_BILI_SEASON_BV158QHY5ELA	0		smash,high_clear,power_framework	content_model_candidate	pending_human_review	none_until_reviewed
corpus-240-lh_bili_season_bv1bqbfywepu-seg-001	LH_BILI_SEASON_BV1BQBFYWEPU	0		smash,high_clear,power_framework	content_model_candidate	pending_human_review	none_until_reviewed
corpus-241-lh_bili_season_bv1g8cfyveke-seg-001	LH_BILI_SEASON_BV1G8CFYVEKE	0		smash,high_clear	content_model_candidate	pending_human_review	none_until_reviewed
corpus-242-lh_bili_season_bv1b9cryfetr-seg-001	LH_BILI_SEASON_BV1B9CRYFETR	0		high_clear,rear_footwork,power_framework	content_model_candidate	pending_human_review	none_until_reviewed
corpus-243-lh_bili_season_bv1bbcbyzedr-seg-001	LH_BILI_SEASON_BV1BBCBYZEDR	0		high_clear,power_framework,student_fit	content_model_candidate	pending_human_review	none_until_reviewed
corpus-244-lh_bili_season_bv1e76uy9eeb-seg-001	LH_BILI_SEASON_BV1E76UY9EEB	0		high_clear,power_framework	content_model_candidate	pending_human_review	none_until_reviewed
corpus-245-lh_bili_season_bv1i3rpyje6v-seg-001	LH_BILI_SEASON_BV1I3RPYJE6V	0		high_clear,power_framework	content_model_candidate	pending_human_review	none_until_reviewed
corpus-246-lh_bili_season_bv1qdr3ybecn-seg-001	LH_BILI_SEASON_BV1QDR3YBECN	0		equipment	content_model_candidate	pending_human_review	none_until_reviewed
corpus-247-lh_bili_season_bv1tdruyte46-seg-001	LH_BILI_SEASON_BV1TDRUYTE46	0		smash,high_clear,power_framework,student_fit	content_model_candidate	pending_human_review	none_until_reviewed
corpus-248-lh_bili_season_bv1rurkywe8x-seg-001	LH_BILI_SEASON_BV1RURKYWE8X	0		smash,high_clear,power_framework,student_fit	content_model_candidate	pending_human_review	none_until_reviewed
corpus-249-lh_bili_season_bv1rachesepm-seg-001	LH_BILI_SEASON_BV1RACHESEPM	0		smash,high_clear,power_framework,student_fit	content_model_candidate	pending_human_review	none_until_reviewed
corpus-250-lh_bili_season_bv1dkc2eeeql-seg-001	LH_BILI_SEASON_BV1DKC2EEEQL	0		smash,high_clear,power_framework,student_fit	content_model_candidate	pending_human_review	none_until_reviewed
corpus-251-lh_bili_season_bv1szc8eqevs-seg-001	LH_BILI_SEASON_BV1SZC8EQEVS	0		high_clear,power_framework,student_fit	content_model_candidate	pending_human_review	none_until_reviewed
corpus-252-lh_bili_season_bv11nwmebeqk-seg-001	LH_BILI_SEASON_BV11NWMEBEQK	0		smash,high_clear,power_framework	content_model_candidate	pending_human_review	none_until_reviewed
corpus-253-lh_bili_season_bv1tqfxecehy-seg-001	LH_BILI_SEASON_BV1TQFXECEHY	0		smash,high_clear,power_framework,student_fit	content_model_candidate	pending_human_review	none_until_reviewed
corpus-254-lh_bili_season_bv1fafoe7exf-seg-001	LH_BILI_SEASON_BV1FAFOE7EXF	0		high_clear,rear_footwork,power_framework	content_model_candidate	pending_human_review	none_until_reviewed
corpus-255-lh_bili_season_bv1ucpreveje-seg-001	LH_BILI_SEASON_BV1UCPREVEJE	0		high_clear,rear_footwork,power_framework	content_model_candidate	pending_human_review	none_until_reviewed
corpus-256-lh_bili_season_bv1yinbezeep-seg-001	LH_BILI_SEASON_BV1YINBEZEEP	0		smash,high_clear,power_framework	content_model_candidate	pending_human_review	none_until_reviewed
corpus-257-lh_bili_season_bv1lzaae7egy-seg-001	LH_BILI_SEASON_BV1LZAAE7EGY	0		smash,high_clear,power_framework,student_fit	content_model_candidate	pending_human_review	none_until_reviewed
corpus-258-lh_bili_season_bv1u7aoebew7-seg-001	LH_BILI_SEASON_BV1U7AOEBEW7	0		smash,high_clear,power_framework,student_fit	content_model_candidate	pending_human_review	none_until_reviewed
corpus-259-lh_bili_season_bv1a7pvece1g-seg-001	LH_BILI_SEASON_BV1A7PVECE1G	0		smash,high_clear,power_framework	content_model_candidate	pending_human_review	none_until_reviewed
corpus-260-lh_bili_season_bv1a7pveceo8-seg-001	LH_BILI_SEASON_BV1A7PVECEO8	0		smash,high_clear,power_framework,student_fit	content_model_candidate	pending_human_review	none_until_reviewed
corpus-261-lh_bili_season_bv1b99tytexv-seg-001	LH_BILI_SEASON_BV1B99TYTEXV	0		high_clear,power_framework,student_fit	content_model_candidate	pending_human_review	none_until_reviewed
corpus-262-lh_bili_season_bv1nix9yyeyg-seg-001	LH_BILI_SEASON_BV1NIX9YYEYG	0		high_clear,power_framework,student_fit	content_model_candidate	pending_human_review	none_until_reviewed
corpus-263-lh_bili_season_bv1t394yfeiy-seg-001	LH_BILI_SEASON_BV1T394YFEIY	0		smash,high_clear,power_framework,student_fit	content_model_candidate	pending_human_review	none_until_reviewed
corpus-264-lh_bili_season_bv1bprjy5eni-seg-001	LH_BILI_SEASON_BV1BPRJY5ENI	0		smash,high_clear,power_framework,student_fit	content_model_candidate	pending_human_review	none_until_reviewed
corpus-265-lh_bili_season_bv1uhqlybew5-seg-001	LH_BILI_SEASON_BV1UHQLYBEW5	0		high_clear,internal_rotation,power_framework,student_fit	content_model_candidate	pending_human_review	none_until_reviewed
corpus-266-lh_bili_season_bv1nwqay1e5m-seg-001	LH_BILI_SEASON_BV1NWQAY1E5M	0		smash,high_clear,power_framework	content_model_candidate	pending_human_review	none_until_reviewed
corpus-267-lh_bili_season_bv1swqoy5env-seg-001	LH_BILI_SEASON_BV1SWQOY5ENV	0		high_clear,power_framework,student_fit	content_model_candidate	pending_human_review	none_until_reviewed
corpus-268-lh_bili_season_bv18nxay5e9r-seg-001	LH_BILI_SEASON_BV18NXAY5E9R	0		smash,high_clear,power_framework,student_fit	content_model_candidate	pending_human_review	none_until_reviewed
corpus-269-lh_bili_season_bv1snzcyheon-seg-001	LH_BILI_SEASON_BV1SNZCYHEON	0		smash,high_clear,power_framework,student_fit	content_model_candidate	pending_human_review	none_until_reviewed
corpus-270-lh_bili_season_bv16wzeyqeta-seg-001	LH_BILI_SEASON_BV16WZEYQETA	0		high_clear,power_framework	content_model_candidate	pending_human_review	none_until_reviewed
corpus-271-lh_bili_season_bv1jbzbyfe9t-seg-001	LH_BILI_SEASON_BV1JBZBYFE9T	0		smash,high_clear,top_elbow,power_framework	content_model_candidate	pending_human_review	none_until_reviewed
corpus-272-lh_bili_season_bv1xcd8ynenf-seg-001	LH_BILI_SEASON_BV1XCD8YNENF	0		high_clear,power_framework,match_transfer	content_model_candidate	pending_human_review	none_until_reviewed
corpus-273-lh_bili_season_bv1q2d8yeecg-seg-001	LH_BILI_SEASON_BV1Q2D8YEECG	0		high_clear,power_framework	content_model_candidate	pending_human_review	none_until_reviewed
corpus-274-lh_bili_season_bv1fjdzy6emy-seg-001	LH_BILI_SEASON_BV1FJDZY6EMY	0		high_clear,power_framework,student_fit	content_model_candidate	pending_human_review	none_until_reviewed
corpus-275-lh_bili_season_bv1kvdzy1ewg-seg-001	LH_BILI_SEASON_BV1KVDZY1EWG	0		smash,high_clear,power_framework,student_fit	content_model_candidate	pending_human_review	none_until_reviewed
corpus-276-lh_bili_season_bv1yr5ezbev9-seg-001	LH_BILI_SEASON_BV1YR5EZBEV9	0		high_clear,power_framework,student_fit	content_model_candidate	pending_human_review	none_until_reviewed
corpus-277-lh_bili_season_bv13f5ezden4-seg-001	LH_BILI_SEASON_BV13F5EZDEN4	0		smash,high_clear,power_framework	content_model_candidate	pending_human_review	none_until_reviewed
corpus-278-lh_bili_season_bv1uulez4e9m-seg-001	LH_BILI_SEASON_BV1UULEZ4E9M	0		high_clear,top_elbow,power_framework,student_fit	content_model_candidate	pending_human_review	none_until_reviewed
corpus-279-lh_bili_season_bv1g8v8zhe29-seg-001	LH_BILI_SEASON_BV1G8V8ZHE29	0		smash,high_clear,power_framework	content_model_candidate	pending_human_review	none_until_reviewed
corpus-280-lh_bili_season_bv1dh5uzfeus-seg-001	LH_BILI_SEASON_BV1DH5UZFEUS	0		high_clear,power_framework	content_model_candidate	pending_human_review	none_until_reviewed
corpus-281-lh_bili_season_bv1ike3zxemg-seg-001	LH_BILI_SEASON_BV1IKE3ZXEMG	0		high_clear,rear_footwork,power_framework	content_model_candidate	pending_human_review	none_until_reviewed
corpus-282-lh_bili_season_bv1khewz1efg-seg-001	LH_BILI_SEASON_BV1KHEWZ1EFG	0		smash,high_clear,power_framework	content_model_candidate	pending_human_review	none_until_reviewed
corpus-283-lh_bili_season_bv1vfeszrecd-seg-001	LH_BILI_SEASON_BV1VFESZRECD	0		high_clear,power_framework,student_fit	content_model_candidate	pending_human_review	none_until_reviewed
corpus-284-lh_bili_season_bv1o2erz5eew-seg-001	LH_BILI_SEASON_BV1O2ERZ5EEW	0		high_clear,rear_footwork,power_framework,student_fit	content_model_candidate	pending_human_review	none_until_reviewed
corpus-285-lh_bili_season_bv17tjhzme18-seg-001	LH_BILI_SEASON_BV17TJHZME18	0		smash,high_clear,rear_footwork,power_framework	content_model_candidate	pending_human_review	none_until_reviewed
corpus-286-lh_bili_season_bv1jgjhz5ewl-seg-001	LH_BILI_SEASON_BV1JGJHZ5EWL	0		smash,high_clear,power_framework	content_model_candidate	pending_human_review	none_until_reviewed
corpus-287-lh_bili_season_bv1upjgzkelr-seg-001	LH_BILI_SEASON_BV1UPJGZKELR	0		smash,high_clear,power_framework,student_fit	content_model_candidate	pending_human_review	none_until_reviewed
corpus-288-lh_bili_season_bv1k4jgzyeox-seg-001	LH_BILI_SEASON_BV1K4JGZYEOX	0		smash,high_clear,power_framework,student_fit	content_model_candidate	pending_human_review	none_until_reviewed
corpus-289-lh_bili_season_bv1vejrziext-seg-001	LH_BILI_SEASON_BV1VEJRZIEXT	0		power_framework,student_fit	content_model_candidate	pending_human_review	none_until_reviewed
corpus-290-lh_bili_season_bv1q4jrz3eps-seg-001	LH_BILI_SEASON_BV1Q4JRZ3EPS	0		high_clear,rear_footwork,power_framework	content_model_candidate	pending_human_review	none_until_reviewed
corpus-291-lh_bili_season_bv1dg7wzyeym-seg-001	LH_BILI_SEASON_BV1DG7WZYEYM	0		high_clear,power_framework,student_fit	content_model_candidate	pending_human_review	none_until_reviewed
corpus-292-lh_bili_season_bv14m7szlemb-seg-001	LH_BILI_SEASON_BV14M7SZLEMB	0		high_clear,power_framework	content_model_candidate	pending_human_review	none_until_reviewed
corpus-293-lh_bili_season_bv13ctmzge3u-seg-001	LH_BILI_SEASON_BV13CTMZGE3U	0		high_clear,power_framework	content_model_candidate	pending_human_review	none_until_reviewed
corpus-294-lh_bili_season_bv1sattzfe1c-seg-001	LH_BILI_SEASON_BV1SATTZFE1C	0		high_clear,power_framework	content_model_candidate	pending_human_review	none_until_reviewed
corpus-295-lh_bili_season_bv1dknzzrenf-seg-001	LH_BILI_SEASON_BV1DKNZZRENF	0		smash,high_clear,power_framework,student_fit	content_model_candidate	pending_human_review	none_until_reviewed
corpus-296-lh_bili_season_bv1bckoz6eob-seg-001	LH_BILI_SEASON_BV1BCKOZ6EOB	0		smash,high_clear,power_framework	content_model_candidate	pending_human_review	none_until_reviewed
corpus-297-lh_bili_season_bv1zik6zre3x-seg-001	LH_BILI_SEASON_BV1ZIK6ZRE3X	0		smash,high_clear,power_framework,student_fit	content_model_candidate	pending_human_review	none_until_reviewed
corpus-298-lh_bili_season_bv1ckmqzseef-seg-001	LH_BILI_SEASON_BV1CKMQZSEEF	0		smash,high_clear,power_framework	content_model_candidate	pending_human_review	none_until_reviewed
corpus-299-lh_bili_season_bv1nku2zmeai-seg-001	LH_BILI_SEASON_BV1NKU2ZMEAI	0		high_clear,power_framework	content_model_candidate	pending_human_review	none_until_reviewed
corpus-300-lh_bili_season_bv1p2gazqehj-seg-001	LH_BILI_SEASON_BV1P2GAZQEHJ	0		equipment	content_model_candidate	pending_human_review	none_until_reviewed
corpus-301-lh_bili_season_bv1f38gzseyl-seg-001	LH_BILI_SEASON_BV1F38GZSEYL	0		high_clear,power_framework	content_model_candidate	pending_human_review	none_until_reviewed
corpus-302-lh_bili_season_bv1kftbzeedc-seg-001	LH_BILI_SEASON_BV1KFTBZEEDC	0		high_clear,power_framework	content_model_candidate	pending_human_review	none_until_reviewed
corpus-303-lh_bili_fav_bv16ptzzcew6-seg-001	LH_BILI_FAV_BV16PTZZCEW6	0		student_fit	content_model_candidate	pending_human_review	none_until_reviewed
corpus-304-lh_bili_season_bv1fcbazlejj-seg-001	LH_BILI_SEASON_BV1FCBAZLEJJ	0		smash,high_clear,power_framework,student_fit	content_model_candidate	pending_human_review	none_until_reviewed
corpus-305-lh_bili_season_bv1sebrzpe2k-seg-001	LH_BILI_SEASON_BV1SEBRZPE2K	0		smash,high_clear,power_framework	content_model_candidate	pending_human_review	none_until_reviewed
corpus-306-lh_bili_season_bv15lbpzkeh1-seg-001	LH_BILI_SEASON_BV15LBPZKEH1	0		smash,high_clear,power_framework,student_fit	content_model_candidate	pending_human_review	none_until_reviewed
corpus-307-lh_bili_season_bv1xoe9zkevt-seg-001	LH_BILI_SEASON_BV1XOE9ZKEVT	0		high_clear,power_framework	content_model_candidate	pending_human_review	none_until_reviewed
corpus-308-lh_bili_season_bv1ayeozeewj-seg-001	LH_BILI_SEASON_BV1AYEOZEEWJ	0		smash,high_clear,power_framework	content_model_candidate	pending_human_review	none_until_reviewed
corpus-309-lh_bili_season_bv1lcaazyejm-seg-001	LH_BILI_SEASON_BV1LCAAZYEJM	0		smash,high_clear,power_framework	content_model_candidate	pending_human_review	none_until_reviewed
corpus-310-lh_bili_season_bv1vjy7zueqn-seg-001	LH_BILI_SEASON_BV1VJY7ZUEQN	0		smash,high_clear,power_framework	content_model_candidate	pending_human_review	none_until_reviewed
corpus-311-lh_bili_season_bv1aohhzweu7-seg-001	LH_BILI_SEASON_BV1AOHHZWEU7	0		high_clear,power_framework	content_model_candidate	pending_human_review	none_until_reviewed
corpus-312-lh_bili_season_bv1hzpszfegw-seg-001	LH_BILI_SEASON_BV1HZPSZFEGW	0		smash,high_clear,power_framework	content_model_candidate	pending_human_review	none_until_reviewed
corpus-313-lh_bili_season_bv18zpszfe6v-seg-001	LH_BILI_SEASON_BV18ZPSZFE6V	0		smash,high_clear,rear_footwork,power_framework	content_model_candidate	pending_human_review	none_until_reviewed
corpus-314-lh_bili_season_bv1s6p9znezj-seg-001	LH_BILI_SEASON_BV1S6P9ZNEZJ	0		smash,high_clear,top_elbow,power_framework	content_model_candidate	pending_human_review	none_until_reviewed
corpus-315-lh_bili_season_bv1pcp9zaefy-seg-001	LH_BILI_SEASON_BV1PCP9ZAEFY	0		smash,high_clear,power_framework	content_model_candidate	pending_human_review	none_until_reviewed
corpus-316-lh_bili_season_bv1ngnnztema-seg-001	LH_BILI_SEASON_BV1NGNNZTEMA	0		smash,high_clear,power_framework	content_model_candidate	pending_human_review	none_until_reviewed
corpus-317-lh_bili_season_bv1cgnnzfez3-seg-001	LH_BILI_SEASON_BV1CGNNZFEZ3	0		high_clear,rear_footwork,power_framework,student_fit	content_model_candidate	pending_human_review	none_until_reviewed
corpus-318-lh_bili_season_bv1ngnnzfebd-seg-001	LH_BILI_SEASON_BV1NGNNZFEBD	0		high_clear,power_framework	content_model_candidate	pending_human_review	none_until_reviewed
corpus-319-lh_bili_season_bv1flnnzser5-seg-001	LH_BILI_SEASON_BV1FLNNZSER5	0		high_clear,internal_rotation,power_framework	content_model_candidate	pending_human_review	none_until_reviewed
corpus-320-lh_bili_season_bv1tvhvzpeuu-seg-001	LH_BILI_SEASON_BV1TVHVZPEUU	0		high_clear,power_framework	content_model_candidate	pending_human_review	none_until_reviewed
corpus-321-lh_bili_season_bv1sc42zpexc-seg-001	LH_BILI_SEASON_BV1SC42ZPEXC	0		high_clear,rear_footwork,power_framework,student_fit	content_model_candidate	pending_human_review	none_until_reviewed
corpus-322-lh_bili_season_bv1w14qzheta-seg-001	LH_BILI_SEASON_BV1W14QZHETA	0		smash,high_clear,rear_footwork,power_framework	content_model_candidate	pending_human_review	none_until_reviewed
corpus-323-lh_bili_season_bv1knwszeev5-seg-001	LH_BILI_SEASON_BV1KNWSZEEV5	0		smash,high_clear,power_framework,student_fit	content_model_candidate	pending_human_review	none_until_reviewed
corpus-324-lh_bili_season_bv1cpwtzoevt-seg-001	LH_BILI_SEASON_BV1CPWTZOEVT	0		smash,high_clear,rear_footwork,power_framework	content_model_candidate	pending_human_review	none_until_reviewed
corpus-325-lh_bili_season_bv1ejsizyeez-seg-001	LH_BILI_SEASON_BV1EJSIZYEEZ	0		smash,high_clear,power_framework,student_fit	content_model_candidate	pending_human_review	none_until_reviewed
corpus-326-lh_bili_season_bv1hxybbqexf-seg-001	LH_BILI_SEASON_BV1HXYBBQEXF	0		smash,high_clear,power_framework	content_model_candidate	pending_human_review	none_until_reviewed
corpus-327-lh_bili_season_bv1avyrb1eet-seg-001	LH_BILI_SEASON_BV1AVYRB1EET	0		high_clear,power_framework	content_model_candidate	pending_human_review	none_until_reviewed
corpus-328-lh_bili_season_bv1geyrb7esa-seg-001	LH_BILI_SEASON_BV1GEYRB7ESA	0		high_clear,power_framework,student_fit	content_model_candidate	pending_human_review	none_until_reviewed
corpus-329-lh_bili_season_bv1dbyrbceqf-seg-001	LH_BILI_SEASON_BV1DBYRBCEQF	0		high_clear,power_framework	content_model_candidate	pending_human_review	none_until_reviewed
corpus-330-lh_bili_season_bv1z22wbqewd-seg-001	LH_BILI_SEASON_BV1Z22WBQEWD	0		high_clear,top_elbow,internal_rotation,power_framework	content_model_candidate	pending_human_review	none_until_reviewed
corpus-331-lh_bili_season_bv1bmcjbpeav-seg-001	LH_BILI_SEASON_BV1BMCJBPEAV	0		smash,high_clear,power_framework,student_fit	content_model_candidate	pending_human_review	none_until_reviewed
corpus-332-lh_bili_season_bv1jscsbueer-seg-001	LH_BILI_SEASON_BV1JSCSBUEER	0		high_clear,top_elbow,power_framework	content_model_candidate	pending_human_review	none_until_reviewed
corpus-333-lh_bili_season_bv1mmypbre8f-seg-001	LH_BILI_SEASON_BV1MMYPBRE8F	0		smash,high_clear,power_framework,student_fit	content_model_candidate	pending_human_review	none_until_reviewed
corpus-334-lh_bili_season_bv1keseb1ew9-seg-001	LH_BILI_SEASON_BV1KESEB1EW9	0		smash,high_clear,power_framework,student_fit	content_model_candidate	pending_human_review	none_until_reviewed
corpus-335-lh_bili_season_bv1jss1bnesv-seg-001	LH_BILI_SEASON_BV1JSS1BNESV	0		smash,high_clear,top_elbow,power_framework	content_model_candidate	pending_human_review	none_until_reviewed
corpus-336-lh_bili_season_bv1n8sxbae4m-seg-001	LH_BILI_SEASON_BV1N8SXBAE4M	0		smash,high_clear,top_elbow,power_framework	content_model_candidate	pending_human_review	none_until_reviewed
corpus-337-lh_bili_season_bv18a27b7ehj-seg-001	LH_BILI_SEASON_BV18A27B7EHJ	0		smash,high_clear,power_framework	content_model_candidate	pending_human_review	none_until_reviewed
corpus-338-lh_bili_season_bv1rmmdbyerr-seg-001	LH_BILI_SEASON_BV1RMMDBYERR	0		smash,high_clear,rear_footwork,power_framework	content_model_candidate	pending_human_review	none_until_reviewed
corpus-339-lh_bili_season_bv1wzqrblet2-seg-001	LH_BILI_SEASON_BV1WZQRBLET2	0		high_clear,power_framework	content_model_candidate	pending_human_review	none_until_reviewed
corpus-340-lh_bili_season_bv14ebtboexk-seg-001	LH_BILI_SEASON_BV14EBTBOEXK	0		high_clear,power_framework,student_fit	content_model_candidate	pending_human_review	none_until_reviewed
corpus-341-lh_bili_season_bv1vwiebhe2x-seg-001	LH_BILI_SEASON_BV1VWIEBHE2X	0		smash,high_clear,power_framework,student_fit	content_model_candidate	pending_human_review	none_until_reviewed
corpus-342-lh_bili_season_bv18grmbre6k-seg-001	LH_BILI_SEASON_BV18GRMBRE6K	0		smash,high_clear,power_framework,student_fit	content_model_candidate	pending_human_review	none_until_reviewed
corpus-343-lh_bili_season_bv1mekebjene-seg-001	LH_BILI_SEASON_BV1MEKEBJENE	0		smash,high_clear,power_framework,student_fit	content_model_candidate	pending_human_review	none_until_reviewed
corpus-344-lh_bili_season_bv1kqkeb5e5p-seg-001	LH_BILI_SEASON_BV1KQKEB5E5P	0		high_clear,power_framework	content_model_candidate	pending_human_review	none_until_reviewed
corpus-345-lh_bili_season_bv1n8zcbfeib-seg-001	LH_BILI_SEASON_BV1N8ZCBFEIB	0		high_clear,power_framework,student_fit	content_model_candidate	pending_human_review	none_until_reviewed
corpus-346-lh_bili_season_bv15d6mbeemk-seg-001	LH_BILI_SEASON_BV15D6MBEEMK	0		high_clear,internal_rotation,power_framework,student_fit	content_model_candidate	pending_human_review	none_until_reviewed
corpus-347-lh_bili_season_bv12g6ebfefz-seg-001	LH_BILI_SEASON_BV12G6EBFEFZ	0		smash,high_clear,power_framework	content_model_candidate	pending_human_review	none_until_reviewed
corpus-348-lh_bili_season_bv1qy6qbdebt-seg-001	LH_BILI_SEASON_BV1QY6QBDEBT	0		smash,high_clear,power_framework,student_fit	content_model_candidate	pending_human_review	none_until_reviewed
corpus-349-lh_bili_season_bv1gzftzoefu-seg-001	LH_BILI_SEASON_BV1GZFTZOEFU	0		high_clear,top_elbow,power_framework,student_fit	content_model_candidate	pending_human_review	none_until_reviewed
corpus-350-lh_bili_fav_bv1hrc5zyesg-seg-001	LH_BILI_FAV_BV1HRC5ZYESG	0		smash,hip_rotation,student_fit	content_model_candidate	pending_human_review	none_until_reviewed
corpus-351-lh_bili_season_bv136c5zjeue-seg-001	LH_BILI_SEASON_BV136C5ZJEUE	0		smash,high_clear,power_framework,student_fit	content_model_candidate	pending_human_review	none_until_reviewed
corpus-352-lh_bili_fav_bv1pmarzsepc-seg-001	LH_BILI_FAV_BV1PMARZSEPC	0		smash,power_framework	content_model_candidate	pending_human_review	none_until_reviewed
corpus-353-lh_bili_season_bv1tgwezfenf-seg-001	LH_BILI_SEASON_BV1TGWEZFENF	0		smash,high_clear,power_framework,student_fit	content_model_candidate	pending_human_review	none_until_reviewed
corpus-354-lh_bili_season_bv1c2xcbxe62-seg-001	LH_BILI_SEASON_BV1C2XCBXE62	0		smash,high_clear,hip_rotation,power_framework	content_model_candidate	pending_human_review	none_until_reviewed
corpus-355-lh_bili_season_bv1vfxyb1ejd-seg-001	LH_BILI_SEASON_BV1VFXYB1EJD	0		smash,high_clear,power_framework,student_fit	content_model_candidate	pending_human_review	none_until_reviewed
corpus-356-lh_bili_season_bv1x4sfbkeap-seg-001	LH_BILI_SEASON_BV1X4SFBKEAP	0		smash,high_clear,power_framework,student_fit	content_model_candidate	pending_human_review	none_until_reviewed
corpus-357-lh_bili_season_bv1dfqxbbesp-seg-001	LH_BILI_SEASON_BV1DFQXBBESP	0		high_clear,top_elbow,power_framework,student_fit	content_model_candidate	pending_human_review	none_until_reviewed
corpus-358-lh_bili_season_bv1lfqxb8eqv-seg-001	LH_BILI_SEASON_BV1LFQXB8EQV	0		high_clear,power_framework	content_model_candidate	pending_human_review	none_until_reviewed
corpus-359-lh_bili_season_bv1ggojbbeqd-seg-001	LH_BILI_SEASON_BV1GGOJBBEQD	0		smash,high_clear,top_elbow,power_framework	content_model_candidate	pending_human_review	none_until_reviewed
corpus-360-lh_bili_fav_bv11krjbrevh-seg-001	LH_BILI_FAV_BV11KRJBREVH	0		high_clear,rear_footwork,power_framework,student_fit	content_model_candidate	pending_human_review	none_until_reviewed
corpus-361-lh_bili_season_bv1lkgr6jec4-seg-001	LH_BILI_SEASON_BV1LKGR6JEC4	0		smash,high_clear,power_framework,student_fit	content_model_candidate	pending_human_review	none_until_reviewed
corpus-362-lh_bili_season_bv1reed6we1v-seg-001	LH_BILI_SEASON_BV1REED6WE1V	0		smash,high_clear,power_framework,student_fit	content_model_candidate	pending_human_review	none_until_reviewed
corpus-363-lh_bili_auth_clip-seg-001	LH_BILI_AUTH_CLIP	0		high_clear,top_elbow	content_model_candidate	pending_human_review	none_until_reviewed
corpus-364-lh_bili_backcourt_steal_footwork-seg-001	LH_BILI_BACKCOURT_STEAL_FOOTWORK	0		rear_footwork	content_model_candidate	pending_human_review	none_until_reviewed
corpus-365-lh_bili_big_arm_internal_rotation-seg-001	LH_BILI_BIG_ARM_INTERNAL_ROTATION	0		smash,high_clear,internal_rotation	content_model_candidate	pending_human_review	none_until_reviewed
corpus-366-lh_bili_clear_change_action-seg-001	LH_BILI_CLEAR_CHANGE_ACTION	0		high_clear,student_fit	content_model_candidate	pending_human_review	none_until_reviewed
corpus-367-lh_bili_clear_framework-seg-001	LH_BILI_CLEAR_FRAMEWORK	0		high_clear	content_model_candidate	pending_human_review	none_until_reviewed
corpus-368-lh_bili_clear_height-seg-001	LH_BILI_CLEAR_HEIGHT	0		high_clear	content_model_candidate	pending_human_review	none_until_reviewed
corpus-369-lh_bili_contact_point_clear-seg-001	LH_BILI_CONTACT_POINT_CLEAR	0		high_clear	content_model_candidate	pending_human_review	none_until_reviewed
corpus-370-lh_bili_core_competition-seg-001	LH_BILI_CORE_COMPETITION	0		match_transfer	needs_content_model_review	model_not_run	none_until_reviewed
corpus-371-lh_bili_framework-seg-001	LH_BILI_FRAMEWORK	0		smash,high_clear,power_framework,student_fit	content_model_candidate	pending_human_review	none_until_reviewed
corpus-372-lh_bili_internal_rotation_cue-seg-001	LH_BILI_INTERNAL_ROTATION_CUE	0		smash,high_clear,internal_rotation	content_model_candidate	pending_human_review	none_until_reviewed
corpus-373-lh_bili_lazy_legs-seg-001	LH_BILI_LAZY_LEGS	0		rear_footwork	content_model_candidate	pending_human_review	none_until_reviewed
corpus-374-lh_bili_learning_order-seg-001	LH_BILI_LEARNING_ORDER	0		student_fit	content_model_candidate	pending_human_review	none_until_reviewed
corpus-375-lh_bili_match_transfer-seg-001	LH_BILI_MATCH_TRANSFER	0		match_transfer	content_model_candidate	pending_human_review	none_until_reviewed
corpus-376-lh_bili_simple_smash_sequence-seg-001	LH_BILI_SIMPLE_SMASH_SEQUENCE	0		smash	content_model_candidate	pending_human_review	none_until_reviewed
corpus-377-lh_bili_slice_drop_smash-seg-001	LH_BILI_SLICE_DROP_SMASH	0		smash	content_model_candidate	pending_human_review	none_until_reviewed
corpus-378-lh_bili_smash_elbow-seg-001	LH_BILI_SMASH_ELBOW	0		smash,top_elbow	content_model_candidate	pending_human_review	none_until_reviewed
corpus-379-lh_bili_wrist_whip_error-seg-001	LH_BILI_WRIST_WHIP_ERROR	0		smash,high_clear,hip_rotation	content_model_candidate	pending_human_review	none_until_reviewed
extra-001-lh_instagram_interview-seg-001	LH_INSTAGRAM_INTERVIEW	0		interview,coaching_style,student_fit	needs_content_model_review	model_not_run	none_until_reviewed
extra-002-lh_yt_body_jammed_shot-seg-001	LH_YT_BODY_JAMMED_SHOT	0		body_jammed,defense,positioning	needs_content_model_review	model_not_run	none_until_reviewed
extra-003-lh_yt_consistency-seg-001	LH_YT_CONSISTENCY	0		match_transfer	needs_content_model_review	model_not_run	none_until_reviewed
extra-004-lh_yt_contact_point-seg-001	LH_YT_CONTACT_POINT	0		high_clear	needs_content_model_review	model_not_run	none_until_reviewed
extra-005-lh_yt_drop_footwork-seg-001	LH_YT_DROP_FOOTWORK	0		rear_footwork	needs_content_model_review	model_not_run	none_until_reviewed
extra-006-lh_yt_explosive_power-seg-001	LH_YT_EXPLOSIVE_POWER	0		smash,high_clear	needs_content_model_review	model_not_run	none_until_reviewed
extra-007-lh_yt_find_contact_point-seg-001	LH_YT_FIND_CONTACT_POINT	0		contact_point,diagnosis,system	needs_content_model_review	model_not_run	none_until_reviewed
extra-008-lh_yt_fit_system-seg-001	LH_YT_FIT_SYSTEM	0		student_fit,system,framework	needs_content_model_review	model_not_run	none_until_reviewed
extra-009-lh_yt_footwork_fit-seg-001	LH_YT_FOOTWORK_FIT	0		rear_footwork	needs_content_model_review	model_not_run	none_until_reviewed
extra-010-lh_yt_head_backhand_corner-seg-001	LH_YT_HEAD_BACKHAND_CORNER	0		rear_footwork	needs_content_model_review	model_not_run	none_until_reviewed
extra-011-lh_yt_heavy_smash_framework-seg-001	LH_YT_HEAVY_SMASH_FRAMEWORK	0		smash,power_framework	needs_content_model_review	model_not_run	none_until_reviewed
extra-012-lh_yt_hip_rotation-seg-001	LH_YT_HIP_ROTATION	0		smash,high_clear,hip_rotation	needs_content_model_review	model_not_run	none_until_reviewed
extra-013-lh_yt_internal_rotation-seg-001	LH_YT_INTERNAL_ROTATION	0		smash,high_clear,internal_rotation	needs_content_model_review	model_not_run	none_until_reviewed
extra-014-lh_yt_passive_rear_court-seg-001	LH_YT_PASSIVE_REAR_COURT	0		high_clear,rear_footwork	needs_content_model_review	model_not_run	none_until_reviewed
extra-015-lh_yt_passive_whip-seg-001	LH_YT_PASSIVE_WHIP	0		smash,high_clear,hip_rotation	needs_content_model_review	model_not_run	none_until_reviewed
extra-016-lh_yt_practical_footwork-seg-001	LH_YT_PRACTICAL_FOOTWORK	0		rear_footwork	needs_content_model_review	model_not_run	none_until_reviewed
extra-017-lh_yt_pronation_whip-seg-001	LH_YT_PRONATION_WHIP	0		smash,high_clear,hip_rotation	needs_content_model_review	model_not_run	none_until_reviewed
extra-018-lh_yt_rear_transition-seg-001	LH_YT_REAR_TRANSITION	0		high_clear,rear_footwork	needs_content_model_review	model_not_run	none_until_reviewed
extra-019-lh_yt_receive_drop_alt-seg-001	LH_YT_RECEIVE_DROP_ALT	0		rear_footwork	needs_content_model_review	model_not_run	none_until_reviewed
extra-020-lh_yt_relaxed_power-seg-001	LH_YT_RELAXED_POWER	0		relaxation,power,tension	needs_content_model_review	model_not_run	none_until_reviewed
extra-021-lh_yt_tactical_intel-seg-001	LH_YT_TACTICAL_INTEL	0		match_analysis,tactics,observation	needs_content_model_review	model_not_run	none_until_reviewed
extra-022-lh_yt_tension_observation-seg-001	LH_YT_TENSION_OBSERVATION	0		tension,diagnosis,observation	needs_content_model_review	model_not_run	none_until_reviewed
extra-023-lh_yt_three_frameworks-seg-001	LH_YT_THREE_FRAMEWORKS	0		smash,high_clear,power_framework	needs_content_model_review	model_not_run	none_until_reviewed
extra-024-lh_yt_top_elbow_clear-seg-001	LH_YT_TOP_ELBOW_CLEAR	0		high_clear,top_elbow	needs_content_model_review	model_not_run	none_until_reviewed
extra-025-lh_yt_whip_mechanics-seg-001	LH_YT_WHIP_MECHANICS	0		smash,high_clear,hip_rotation	needs_content_model_review	model_not_run	none_until_reviewed
pilot-001-lh_bili_season_bv18tmub4e8d-seg-001	LH_BILI_SEASON_BV18TMUB4E8D	0		smash,high_clear,rear_footwork,top_elbow,power_framework,student_fit	content_model_candidate	pending_human_review	none_until_reviewed
pilot-002-lh_bili_season_bv1x9qbbbetx-seg-001	LH_BILI_SEASON_BV1X9QBBBETX	0		smash,high_clear,rear_footwork,hip_rotation,power_framework,student_fit	content_model_candidate	pending_human_review	none_until_reviewed
pilot-003-lh_bili_season_bv1aykwbjeuv-seg-001	LH_BILI_SEASON_BV1AYKWBJEUV	0		smash,high_clear,rear_footwork,top_elbow,power_framework,student_fit	content_model_candidate	pending_human_review	none_until_reviewed
pilot-004-lh_bili_season_bv1crftzbek7-seg-001	LH_BILI_SEASON_BV1CRFTZBEK7	0		smash,high_clear,rear_footwork,top_elbow,power_framework,student_fit	content_model_candidate	pending_human_review	none_until_reviewed
pilot-005-lh_bili_season_bv1hbyrbcece-seg-001	LH_BILI_SEASON_BV1HBYRBCECE	0		smash,high_clear,hip_rotation,power_framework,student_fit	content_model_candidate	pending_human_review	none_until_reviewed
pilot-006-lh_bili_season_bv1v6zabtekt-seg-001	LH_BILI_SEASON_BV1V6ZABTEKT	0		smash,high_clear,top_elbow,power_framework,match_transfer	content_model_candidate	pending_human_review	none_until_reviewed
pilot-007-lh_bili_season_bv1km41147m1-seg-001	LH_BILI_SEASON_BV1KM41147M1	0		high_clear,hip_rotation,internal_rotation,power_framework,student_fit	content_model_candidate	pending_human_review	none_until_reviewed
pilot-008-lh_bili_season_bv19c4y1s7z2-seg-001	LH_BILI_SEASON_BV19C4Y1S7Z2	0		smash,high_clear,internal_rotation,power_framework	content_model_candidate	pending_human_review	none_until_reviewed
pilot-009-lh_bili_season_bv1iz421b7x8-seg-001	LH_BILI_SEASON_BV1IZ421B7X8	0		smash,high_clear,internal_rotation,power_framework	content_model_candidate	pending_human_review	none_until_reviewed
pilot-010-lh_bili_season_bv1a5zgyqesp-seg-001	LH_BILI_SEASON_BV1A5ZGYQESP	0		high_clear,rear_footwork,power_framework,match_transfer	content_model_candidate	pending_human_review	none_until_reviewed
pilot-011-lh_bili_season_bv1s1vkbseab-seg-001	LH_BILI_SEASON_BV1S1VKBSEAB	0		high_clear,power_framework,student_fit,match_transfer	content_model_candidate	pending_human_review	none_until_reviewed
pilot-012-lh_bili_fav_bv15pbrb6edk-seg-001	LH_BILI_FAV_BV15PBRB6EDK	0		smash,high_clear,rear_footwork,top_elbow,power_framework,student_fit	content_model_candidate	pending_human_review	none_until_reviewed
pilot-013-lh_bili_season_bv1bi4y1q7eh-seg-001	LH_BILI_SEASON_BV1BI4Y1Q7EH	0		smash,high_clear,top_elbow,power_framework,student_fit	content_model_candidate	pending_human_review	none_until_reviewed
pilot-014-lh_bili_season_bv1lb5qzxedz-seg-001	LH_BILI_SEASON_BV1LB5QZXEDZ	0		smash,high_clear,top_elbow,power_framework,student_fit	content_model_candidate	pending_human_review	none_until_reviewed
pilot-015-lh_bili_season_bv1xdlezqery-seg-001	LH_BILI_SEASON_BV1XDLEZQERY	0		smash,high_clear,top_elbow,power_framework,student_fit	content_model_candidate	pending_human_review	none_until_reviewed
pilot-016-lh_bili_season_bv1xmaazfe6e-seg-001	LH_BILI_SEASON_BV1XMAAZFE6E	0		smash,high_clear,top_elbow,power_framework,student_fit	content_model_candidate	pending_human_review	none_until_reviewed
pilot-017-lh_bili_season_bv1nwrrbtedy-seg-001	LH_BILI_SEASON_BV1NWRRBTEDY	0		high_clear,rear_footwork,top_elbow,power_framework,student_fit	content_model_candidate	pending_human_review	none_until_reviewed
pilot-018-lh_bili_season_bv1v6zabteue-seg-001	LH_BILI_SEASON_BV1V6ZABTEUE	0		smash,high_clear,top_elbow,power_framework,student_fit	content_model_candidate	pending_human_review	none_until_reviewed
pilot-019-lh_bili_season_bv1zbwezeelw-seg-001	LH_BILI_SEASON_BV1ZBWEZEELW	0		smash,high_clear,top_elbow,power_framework,student_fit	content_model_candidate	pending_human_review	none_until_reviewed
pilot-020-lh_bili_season_bv13a4y1q7cb-seg-001	LH_BILI_SEASON_BV13A4Y1Q7CB	0		high_clear,top_elbow,power_framework,student_fit	content_model_candidate	pending_human_review	none_until_reviewed
pilot-021-lh_bili_season_bv1nq4y157jt-seg-001	LH_BILI_SEASON_BV1NQ4Y157JT	0		smash,high_clear,rear_footwork,power_framework	content_model_candidate	pending_human_review	none_until_reviewed
pilot-022-lh_bili_season_bv12z4y1n7b4-seg-001	LH_BILI_SEASON_BV12Z4Y1N7B4	0		smash,high_clear,top_elbow,power_framework	content_model_candidate	pending_human_review	none_until_reviewed
pilot-023-lh_bili_season_bv1s642137xa-seg-001	LH_BILI_SEASON_BV1S642137XA	0		smash,high_clear,top_elbow,power_framework	content_model_candidate	pending_human_review	none_until_reviewed
pilot-024-lh_bili_season_bv1by411y7qh-seg-001	LH_BILI_SEASON_BV1BY411Y7QH	0		smash,high_clear,rear_footwork,power_framework	content_model_candidate	pending_human_review	none_until_reviewed
pilot-025-lh_bili_season_bv1cm42157us-seg-001	LH_BILI_SEASON_BV1CM42157US	0		smash,high_clear,hip_rotation,power_framework	content_model_candidate	pending_human_review	none_until_reviewed
pilot-026-lh_bili_season_bv1nf421x7jg-seg-001	LH_BILI_SEASON_BV1NF421X7JG	0		smash,high_clear,top_elbow,power_framework	content_model_candidate	pending_human_review	none_until_reviewed
pilot-027-lh_bili_season_bv1qz421u7c6-seg-001	LH_BILI_SEASON_BV1QZ421U7C6	0		smash,high_clear,rear_footwork,power_framework	content_model_candidate	pending_human_review	none_until_reviewed
pilot-028-lh_bili_season_bv1p4dgyre8b-seg-001	LH_BILI_SEASON_BV1P4DGYRE8B	0		smash,high_clear,internal_rotation,power_framework	content_model_candidate	pending_human_review	none_until_reviewed
pilot-029-lh_bili_season_bv1pcqpyjerm-seg-001	LH_BILI_SEASON_BV1PCQPYJERM	0		smash,high_clear,power_framework,student_fit	content_model_candidate	pending_human_review	none_until_reviewed
pilot-030-lh_bili_season_bv1bf6sytegz-seg-001	LH_BILI_SEASON_BV1BF6SYTEGZ	0		smash,high_clear,rear_footwork,power_framework	content_model_candidate	pending_human_review	none_until_reviewed
